id,numero,data_ajuizamento,id_classe,id_assuntos
405276941,06000150920206070003,2020-03-23,{279},"{11778}"
405276946,06000027120206070015,2020-01-30,{355},"{11778}"
405276949,06000025920206070019,2020-02-06,{355},"{11778}"
405277043,00000321520166070010,2016-10-14,{261},"{11778}"
405277059,00001783620186070091,2018-06-18,{12553},"{11778}"
405277091,00007289120166070999,2016-10-26,{12559},"{11778}"
405277104,00000028820186070016,2018-02-09,{261},"{11778}"
405277108,00001304020166070999,2016-08-15,{1304},"{11778}"
405277120,00000103920166070015,2016-02-23,{1298},"{11778}"
405277124,00007894920166070999,2016-11-04,{12559},"{11778}"
405277134,00000462320166070002,2016-12-15,{261},"{11778}"
405277138,06000042320206070021,2020-01-28,{241},"{11778}"
405277156,06000169120206070003,2020-04-13,{355},"{11778}"
405277163,00007739520166070999,2016-11-04,{12559},"{11778}"
405277171,00000161120186070004,2018-05-03,{12559},"{11778}"
405277173,00000710520176070001,2016-08-26,{279},"{11472}"
405277176,00001347720166070999,2016-08-17,{12549},"{11778}"
405277184,00002508320166070999,2016-09-06,{12549},"{11778}"
405277185,00000458220196070018,2019-06-12,{11528},"{11778}"
405277191,00001414020176070092,2017-12-28,{12559},"{11778}"
405277192,00000453820166070002,2016-11-03,{261},"{11778}"
405277200,00006985620166070999,2016-10-26,{12559},"{11778}"
405277203,00000028020166070009,2016-03-03,{261},"{11778}"
405277205,06000949420216070021,2021-11-11,{12559},"{11778}"
405277206,00000182820166070011,2016-07-05,{261},"{11778}"
405277209,06000885320216070000,2021-07-15,{12377},"{11778}"
405277229,00000216820166070015,2016-06-14,{12553},"{11778}"
405277235,00007557420166070999,2016-11-04,{12559},"{11778}"
405277236,06000416020206070050,2020-03-28,{12553},"{11778}"
405277238,00007765020166070999,2016-11-04,{12559},"{11778}"
405277251,00002626320176070999,2017-07-24,{12559},"{11778}"
405277252,00000098420166070005,2016-02-22,{261},"{11778}"
405277259,06001401020226000000,2022-03-31,{12553},"{11778}"
405277263,00000358520166070004,2016-06-29,{1116},"{11778}"
405277270,00001725520176070999,2017-06-08,{12559},"{11778}"
405277277,00000235820186070018,2018-05-29,{12554},"{11778}"
405277283,06000160220226070010,2022-03-18,{12560},"{11778}"
405277284,06000968220216070015,2021-08-03,{12560},"{11778}"
405277288,00000788120186070091,2018-05-16,{12553},"{11778}"
405277289,06000356620216070002,2021-01-27,{355},"{11778}"
405277291,06000130620206070014,2020-03-28,{261},"{11778}"
405277297,06000041120196070004,2019-09-26,{241},"{11778}"
405277298,06002236220216070001,2021-11-04,{310},"{3641}"
405277299,06000328020226070001,2022-03-18,{12560},"{11778}"
405277303,06005527220216000000,2021-11-09,{12552},"{11778}"
405277309,00001532320186070091,2018-06-08,{12553},"{11778}"
405277310,00000218620166070009,2016-05-23,{172},"{11778}"
405277312,06000112720206070017,2020-02-21,{241},"{11778}"
405277313,06000352720216070015,2021-02-08,{12553},"{11778}"
405277316,00000479220176070092,2017-10-09,{12559},"{11778}"
405277321,00000390320186070021,2018-07-17,{241},"{11778}"
405277322,00000379120176070013,2017-04-27,{12549},"{11778}"
405277331,06000153720196070005,2019-10-08,{12554},"{11778}"
405277332,06000824020216070002,2021-08-24,{12553},"{11778}"
405277335,06000246820206070003,2020-09-28,{12552},"{11778}"
405277337,00002089720176070999,2017-07-07,{12559},"{11778}"
405277338,06000067720216070014,2021-02-19,{12552},"{11778}"
405277339,06000959120216070017,2021-10-06,{12560},"{11778}"
405277343,00000225120196070014,2019-03-14,{11528},"{11778}"
405277348,06000182820206070014,2020-08-13,{12552},"{11778}"
405277351,00002435720176070999,2017-07-17,{12549},"{11778}"
405277374,06001143220206070050,2020-06-16,{12553},"{11778}"
405277381,00000768820176070013,2017-07-06,{12549},"{11778}"
405277383,06000828020206070000,2020-07-07,{12377},"{11778}"
405277386,06000563320216070005,2021-08-04,{12560},"{11778}"
405277387,06000570620216070009,2021-10-05,{12560},"{11778}"
405277388,00000024820196070018,2019-01-10,{12553},"{11778}"
405277389,00000825520176070091,2017-08-16,{12559},"{11778}"
405277390,00002208520186070091,2018-12-03,{12553},"{11778}"
405277393,00001054120176070013,2017-09-15,{12549},"{11778}"
405277394,06002513020216070001,2021-12-03,{261},"{11778}"
405277396,00000518220156070001,2015-06-02,{11541},"{11778}"
405277399,06000865320216070010,2021-10-06,{12560},"{11778}"
405277400,06000554420206070050,2020-06-01,{12562},"{}"
405277406,00000971620176070999,2017-05-17,{12559},"{11778}"
405277407,06000113320206070015,2020-07-08,{355},"{11778}"
405277412,06000961120206070050,2020-06-07,{12553},"{11778}"
405277413,06000606620206070050,2020-06-07,{12553},"{11778}"
405277414,00000013120176070019,2017-01-11,{1304},"{11778}"
405277415,06000736620216070006,2021-09-17,{12553},"{11778}"
405277420,00001093820176070091,2017-08-18,{12559},"{11778}"
405277422,06000317620196070009,2019-12-18,{241},"{11778}"
405277425,00000353920176070008,2017-05-16,{12549},"{11778}"
405277428,06000853520216070021,2021-09-14,{12560},"{11778}"
405277432,06001182220206070001,2020-10-06,{261},"{11778}"
405277437,00000589120176070005,2017-09-20,{12549},"{11778}"
405277441,00000137120196070020,2019-06-13,{11528},"{11778}"
405277442,00001474220176070999,2017-05-26,{12559},"{11778}"
405277449,00000463220176070020,2017-06-13,{12549},"{11778}"
405277452,06000142120206070004,2020-03-31,{355},"{11778}"
405277454,00000753020176070005,2017-11-16,{11541},"{11778}"
405277457,06000315420206070005,2020-11-15,{12559},"{11778}"
405277458,00000169520156070010,2015-06-10,{11541},"{11778}"
405277466,00000592020196070001,2019-05-10,{12549},"{11778}"
405277470,06000884720216070002,2021-09-14,{12560},"{11778}"
405277478,06002244720216070001,2021-11-04,{310},"{3655}"
405277501,06000325820196070010,2019-12-19,{11541},"{11778}"
405277513,00000025120196070017,2019-01-21,{12549},"{11778}"
405277520,06000845020206070000,2020-07-08,{12377},"{11778}"
405277521,00000821320176070008,2017-09-05,{12549},"{11778}"
405277522,06000020720206070004,2020-01-07,{355},"{11778}"
405277529,00001177820186070091,2018-05-28,{12553},"{11778}"
405277536,06000418320206070010,2020-01-29,{12559},"{11778}"
405277541,00000071020186070017,2019-05-23,{11528},"{11778}"
405277543,06000047120206070005,2020-01-20,{12554},"{11778}"
405277547,00000396620196070021,2019-08-06,{12553},"{11778}"
405277549,06001578520216070000,2021-09-17,{279},"{}"
405277555,00000037320176070092,2017-08-09,{12559},"{11778}"
405277567,06001065520206070050,2020-06-07,{12553},"{11778}"
405277568,06000072620206070005,2020-02-11,{12559},"{11778}"
405277575,06000079320206070015,2020-03-17,{355},"{11778}"
405277579,06000045920206070009,2020-01-14,{241},"{11778}"
405277582,06000639520216070014,2021-11-22,{12553},"{11778}"
405277585,06000132420206070008,2020-09-17,{279},"{11778}"
405277587,06000528920206070050,2020-05-07,{12553},"{11778}"
405277600,06001226220206070000,2021-08-22,{1307},"{11778}"
405277601,00000516220186070006,2018-07-05,{241},"{11778}"
405277604,06002009020196070000,2020-04-20,{1307},"{11778}"
405277605,00000162920196070019,2019-05-14,{12549},"{11778}"
405277606,00002063020176070999,2017-07-07,{12553},"{11778}"
405277610,00000078520196070013,2019-03-20,{12549},"{11778}"
405277611,06000638320216070018,2021-11-16,{12553},"{11778}"
405277612,00000720320176070999,2017-04-21,{12559},"{11778}"
405277613,06000065720196070011,2019-09-18,{241},"{11778}"
405277617,06000014020216070019,2021-03-24,{12560},"{11778}"
405277621,00001290820176070001,2017-11-03,{261},"{11778}"
405277623,06000120320206070020,2020-08-25,{1304},"{11778}"
405277624,00000402820176070019,2017-06-12,{12549},"{11778}"
405277625,06000729620216070001,2021-03-23,{12560},"{11778}"
405277626,06002253220216070001,2021-11-04,{310},"{3655}"
405277628,06000892620216070004,2021-09-16,{12552},"{11778}"
405277632,00001093020176070999,2017-05-19,{12559},"{11778}"
405277633,00000418020176070999,2017-03-22,{12559},"{11778}"
405277636,06005795520216000000,2021-11-29,{12552},"{11778}"
405277641,06000156720206070016,2020-09-12,{355},"{11778}"
405277642,06000024720196070002,2019-10-02,{241},"{11778}"
405277644,06000542120216070019,2021-11-12,{12553},"{11778}"
405277645,06000264720206070000,2020-03-04,{12553},"{11778}"
405277646,06000788720206070050,2020-06-07,{12553},"{11778}"
405277648,00000869220176070091,2017-08-16,{12559},"{11778}"
405277649,00000194920176070020,2017-03-27,{12549},"{11778}"
405277652,06000363820206070050,2020-03-23,{12552},"{11778}"
405277655,00000171820176070008,2017-03-28,{12549},"{11778}"
405277656,06001127820216070001,2021-04-28,{355},"{11778}"
405277657,06000432920206070018,2020-04-30,{12554},"{11778}"
405277660,06001269620206070001,2020-11-03,{261},"{11778}"
405277661,00000123520186070016,2018-05-03,{12553},"{11778}"
405277662,00000038220186070013,2018-02-08,{12549},"{11778}"
405277667,06000571420206070050,2020-06-05,{12553},"{11778}"
405277668,06000871720216070017,2021-09-15,{12560},"{11778}"
405277669,00000060320196070013,2019-02-28,{12549},"{11778}"
405277670,00000297120176070092,2017-08-30,{12559},"{11778}"
405277672,06000135220196070010,2019-10-01,{355},"{11778}"
405277676,00000045520186070017,2020-09-01,{355},"{11778}"
405277677,06000966420206070000,2020-07-06,{12377},"{11778}"
405277678,06000632120206070050,2020-06-07,{12553},"{11778}"
405277680,06000111520206070021,2020-05-11,{12553},"{11778}"
405277682,06001048520206070050,2020-06-07,{12553},"{11778}"
405277686,06000243520206070014,2020-12-07,{1304},"{11778}"
405277687,06000546920216070003,2021-09-14,{12560},"{11778}"
405277688,06000236520206070009,2020-01-31,{241},"{11778}"
405277691,00000253620196070004,2019-08-19,{12549},"{11778}"
405277692,06003543520216000000,2021-09-17,{12552},"{11778}"
405277699,06001450520206070001,2020-12-02,{261},"{11778}"
405277701,06000861720206070001,2020-07-02,{272},"{11778}"
405277704,06000235820216070000,2021-02-18,{12553},"{11778}"
405277707,06000012220206070004,2020-01-07,{241},"{11778}"
405277709,06000264420206070001,2020-05-15,{261},"{11778}"
405277718,00000011120196070003,2019-01-24,{12549},"{11778}"
405277730,06000018620206070015,2020-01-30,{12559},"{11778}"
405277732,06001234720206070000,2021-08-22,{1307},"{11778}"
405277733,06000772120216070001,2021-04-14,{355},"{11778}"
405277737,06000030420206070000,2020-01-24,{12553},"{11778}"
405277753,06000441420206070018,2020-05-13,{12553},"{11778}"
405277757,06001965320196070000,2020-04-20,{1307},"{11778}"
405277758,06000054220196070021,2019-10-01,{11528},"{11778}"
405277761,06000061120206070015,2020-02-18,{261},"{11778}"
405277768,00000326620176070014,2017-05-03,{12549},"{11778}"
405277771,06000082320206070001,2020-02-14,{12552},"{11778}"
405277776,00000192720176070092,2017-08-21,{12559},"{11778}"
405277780,06000013420216070021,2021-01-11,{241},"{11778}"
405277782,06001526020216070001,2021-06-30,{12552},"{11778}"
405277789,06000128720216070013,2021-04-13,{355},"{11778}"
405277808,00002452720176070999,2017-07-17,{12559},"{11778}"
405277814,06000667320206070050,2020-06-07,{12553},"{11778}"
405277815,00000614620176070005,2017-10-09,{12549},"{11778}"
405277816,00000097020196070008,2019-02-15,{12549},"{11778}"
405277817,00000245120196070004,2019-07-17,{279},"{11778}"
405277830,00000240420176070010,2017-07-04,{12549},"{11778}"
405277836,06000211120196070016,2019-10-16,{355},"{11778}"
405277838,06000027720206070013,2020-01-17,{12552},"{11778}"
405277855,00000573920176070092,2017-10-18,{12559},"{11778}"
405277856,06000194320206070004,2020-10-22,{355},"{11778}"
405277859,00000272320176070021,2017-05-26,{12553},"{11778}"
405277860,00001587920176070091,2017-12-19,{12549},"{11778}"
405277861,00000033020196070019,2019-01-28,{12549},"{11778}"
405277865,00001336620176070091,2017-08-25,{12553},"{11778}"
405277868,06000157020206070015,2020-11-05,{355},"{11778}"
405277873,06000759120216070020,2021-07-07,{12553},"{11778}"
405277879,06000420720216070019,2021-07-24,{12377},"{11778}"
405277880,06000013720216070020,2021-01-15,{12553},"{11778}"
405277885,06000303120206070050,2020-03-13,{12549},"{11778}"
405277888,00000752920186070091,2018-05-02,{12553},"{11778}"
405277890,06000479020206070010,2020-02-12,{241},"{11778}"
405277892,06000474420216070014,2021-06-30,{355},"{11778}"
405277894,06000054120206070010,2020-01-23,{241},"{11778}"
405277896,00001370220156070018,2015-06-12,{11541},"{11778}"
405277897,00000675220186070091,2018-04-25,{12553},"{11778}"
405277906,06000114520206070011,2020-09-15,{279},"{}"
405277907,00000727420186070091,2018-04-27,{12553},"{11778}"
405277911,00001867820176070016,2017-08-29,{355},"{11778}"
405277912,06000046220206070008,2020-02-26,{1304},"{11778}"
405277917,00000828520186070005,2018-11-28,{12550},"{11778}"
405277919,00000238420156070011,2015-05-18,{11541},"{11778}"
405277920,06000605320196070001,2019-11-18,{355},"{11778}"
405277925,00000926520186070091,2018-05-21,{12553},"{11778}"
405277929,00000635220186070014,2018-11-07,{12559},"{11778}"
405277930,00000994920176070008,2017-11-30,{12549},"{11778}"
405277932,00001238520186070091,2018-05-31,{12553},"{11778}"
405277933,00000894720176070091,2017-08-16,{12559},"{11778}"
405277934,00000585420186070006,2018-07-25,{355},"{11778}"
405277939,06000139620216070005,2021-04-14,{355},"{11778}"
405277942,00002225520186070091,2018-12-10,{12553},"{11778}"
405277943,00000387620176070013,2017-04-27,{12549},"{11778}"
405277945,06000011020206070008,2020-01-28,{355},"{11778}"
405277946,00000550920176070015,2017-10-30,{1298},"{11778}"
405277948,00000404020176070015,2017-08-25,{12549},"{11778}"
405277949,06000207420206070021,2020-11-10,{241},"{11778}"
405277955,00001405820176070091,2017-09-10,{12553},"{11778}"
405277960,00000728720176070001,2017-06-05,{12549},"{11778}"
405277966,06000979320206070050,2020-06-07,{12553},"{11778}"
405277967,00001256820176070001,2017-10-31,{12549},"{11778}"
405277969,00000312120166070013,2017-08-24,{279},"{11778}"
405277970,06000605820216070009,2021-10-06,{12560},"{11778}"
405277971,06001037420216070015,2021-09-13,{355},"{11778}"
405277973,00000917220176070008,2017-10-26,{12549},"{11778}"
405277984,00000391320176070999,2017-03-21,{12559},"{11778}"
405277986,06000079620206070014,2020-01-23,{355},"{11778}"
405277992,06000360620216070017,2021-02-10,{12553},"{11778}"
405277995,00000972420176070091,2017-08-17,{12559},"{11778}"
405277996,06000997620216070002,2021-12-09,{355},"{11778}"
405277997,00000114920196070005,2019-02-08,{12549},"{11778}"
405278003,00000984920176070013,2017-08-29,{12549},"{11778}"
405278005,00000410620186070010,2018-12-17,{12562},"{11778}"
405278007,06000105420206070013,2020-05-28,{12560},"{11778}"
405278008,00000476120186070091,2018-04-22,{12553},"{11778}"
405278013,00000358120176070091,2017-08-10,{12559},"{11778}"
405278016,06001190720206070001,2020-10-06,{261},"{11778}"
405278019,06000594620216070018,2021-10-18,{355},"{11778}"
405278020,06000974620206070001,2020-08-14,{279},"{11778}"
405278021,00002833920176070999,2017-07-28,{12559},"{11778}"
405278027,00001039420186070091,2018-05-23,{12553},"{11778}"
405278031,00000781820176070091,2017-08-16,{12559},"{11778}"
405278042,00000671620186070006,2018-11-06,{12549},"{11778}"
405278054,00001131820176070013,2017-11-08,{12549},"{11778}"
405278065,00000184520176070091,2017-08-09,{12559},"{11778}"
405278066,06006323620216000000,2021-12-09,{12552},"{11778}"
405278169,00000021120156070011,2015-02-06,{355},"{11778}"
405278184,06001771320206070000,2020-11-26,{261},"{11778}"
405278192,00000972120176070092,2017-12-04,{12559},"{11778}"
405278197,00001751020176070999,2017-06-08,{12559},"{11778}"
405278199,00001681820176070999,2017-06-08,{12559},"{11778}"
405278206,06000519620216070009,2021-09-15,{12560},"{11778}"
405278208,00000599120186070021,2018-11-28,{261},"{11778}"
405278215,00000036420186070019,2018-01-24,{12549},"{11778}"
405278261,00002161620176070016,2017-12-15,{12549},"{11778}"
405278264,06000288720206070009,2020-02-18,{241},"{11778}"
405278265,00000733620176070013,2017-07-05,{12549},"{11778}"
405278313,00000718120176070008,2017-08-22,{12549},"{11778}"
405278317,00001024620176070091,2017-08-17,{12559},"{11778}"
405278321,00000149320186070019,2018-04-26,{12553},"{11778}"
405278323,00001231920176070092,2017-12-22,{12559},"{11778}"
405278324,00000470620196070001,2019-03-18,{272},"{11778}"
405278326,00000603120176070015,2017-12-15,{261},"{11778}"
405278327,00001275120176070999,2017-05-24,{12559},"{11778}"
405278333,00001318820176070999,2017-05-24,{12559},"{11778}"
405278334,00001474720176070092,2017-12-28,{12559},"{11778}"
405278335,00000549020186070014,2018-09-10,{12549},"{11778}"
405278343,00000274320186070003,2018-06-12,{12549},"{11778}"
405278347,00001197420176070999,2017-05-19,{12559},"{11778}"
405278350,00000567920176070019,2017-09-26,{12553},"{11778}"
405278353,06000019820206070011,2020-02-26,{12559},"{11778}"
405278356,00000283220176070013,2017-04-27,{12549},"{11778}"
405278359,00000084020186070002,2018-11-08,{11528},"{11778}"
405278360,00000925720176070008,2017-10-27,{12549},"{11778}"
405278361,00000012820176070020,2017-02-03,{355},"{11778}"
405278364,00000087920196070010,2019-02-28,{12549},"{11778}"
405278375,06000383420206070009,2020-02-28,{241},"{11778}"
405278390,00000012420186070010,2018-01-10,{12549},"{11778}"
405278393,00000062820186070016,2018-03-16,{355},"{11778}"
405278419,00003162920176070999,2017-08-02,{12559},"{11778}"
405278426,00000799720176070092,2017-10-27,{12559},"{11778}"
405278427,00000447020186070006,2018-06-05,{355},"{11778}"
405278440,00003076720176070999,2017-08-02,{12559},"{11778}"
405278445,00000706820186070006,2018-11-16,{272},"{11513}"
405278451,00000550520186070005,2018-08-16,{12559},"{11778}"
405278454,00000282920176070014,2017-04-24,{12549},"{11778}"
405278455,06000299020206070003,2020-11-25,{355},"{11778}"
405278456,00000494720186070021,2018-09-18,{355},"{11778}"
405278457,00000747520176070092,2017-10-18,{12559},"{11778}"
405278458,00000590920176070092,2017-10-18,{12559},"{11778}"
405278466,00000011420156070015,2014-11-28,{261},"{11778}"
405278511,00000058020176070015,2017-02-17,{355},"{11778}"
405278512,06000415920206070018,2020-04-02,{279},"{11778}"
405278530,06000540720196070014,2019-11-20,{11541},"{11778}"
405278534,00000601620176070020,2017-07-05,{12549},"{11778}"
405278539,06000015320196070005,2019-08-27,{12554},"{11778}"
405278540,00000431620176070008,2017-06-12,{12549},"{11778}"
405278543,06000880220216070017,2021-09-15,{12560},"{11778}"
405278547,00000235920176070999,2017-03-10,{12559},"{11778}"
405278561,00000480520176070019,2017-08-03,{12549},"{11778}"
405278573,00001722920186070091,2018-06-12,{12553},"{11778}"
405278591,00000272620176070020,2017-04-26,{12549},"{11778}"
405278622,00000577220186070005,2018-08-21,{12559},"{11778}"
405278635,00000174420196070009,2019-04-09,{272},"{3572}"
405278696,06000565220206070010,2020-04-13,{241},"{11778}"
405278714,00000040920196070021,2019-01-23,{12549},"{11778}"
405278733,00001803220176070999,2017-06-08,{12559},"{11778}"
405278741,06000853520206070000,2020-07-09,{12377},"{11778}"
405278787,00000024620176070009,2017-02-07,{261},"{11778}"
405278795,00001431020176070092,2017-12-28,{12559},"{11778}"
405278808,00000480420186070008,2018-06-01,{12549},"{11778}"
405278824,00001376920186070091,2018-06-05,{12553},"{11778}"
405278828,06000254720206070005,2020-09-18,{12554},"{11778}"
405278829,00000383620176070091,2017-08-10,{12559},"{11778}"
405278831,00000840420176070001,2017-07-11,{12552},"{11778}"
405278839,06000210520196070018,2019-12-09,{261},"{11778}"
405278843,06000719520206070050,2020-06-07,{12553},"{11778}"
405278850,06003117420196070000,2019-11-27,{12552},"{11778}"
405278867,00001123120156070004,2015-08-13,{1116},"{11778}"
405278948,00000601320176070021,2017-09-18,{12549},"{11778}"
405279017,06000179220196070009,2019-11-20,{241},"{11778}"
405279133,00000163320176070008,2017-03-17,{12549},"{11778}"
405279175,00000020920186070010,2018-01-18,{12562},"{11778}"
405279176,00000016320196070018,2018-01-07,{12553},"{11778}"
405279196,00002026420186070091,2018-06-26,{12553},"{11778}"
405279200,00000397620176070008,2017-06-01,{12549},"{11778}"
405279201,00000365820176070999,2017-03-21,{12559},"{11778}"
405279202,00000016920196070016,2019-01-09,{12559},"{11778}"
405279210,06000090520206070002,2020-03-12,{12560},"{11778}"
405279211,00000449820176070008,2017-06-13,{12549},"{11778}"
405279214,06000031920216070016,2021-02-11,{355},"{11778}"
405279215,06000334920196070008,2019-12-16,{12559},"{11778}"
405279216,00000646420186070005,2018-09-20,{12559},"{11778}"
405279225,00000678620176070091,2017-08-15,{12559},"{11778}"
405279226,00000519820186070091,2018-04-22,{12553},"{11778}"
405279230,00000425220176070001,2017-04-10,{12549},"{11778}"
405279231,06000088120206070014,2020-02-17,{355},"{11778}"
405279236,00000360920176070013,2017-04-27,{12549},"{11778}"
405279240,00000336620176070009,2017-10-19,{12553},"{11778}"
405279241,00001523820186070091,2018-06-08,{12553},"{11778}"
405279242,06000119320216070016,2021-04-13,{355},"{11778}"
405279289,00000016920186070092,2018-01-04,{12549},"{11778}"
405279317,00001872420176070999,2017-06-14,{12559},"{11778}"
405279345,00001717020176070999,2017-06-08,{12559},"{11778}"
405279370,00000010620176070092,2017-08-08,{12559},"{11778}"
405279460,00000039220176070021,2017-03-06,{12549},"{11778}"
405279496,00001152420176070001,2017-10-09,{12549},"{11778}"
405279506,00000015120186070001,2018-01-17,{261},"{11778}"
405279517,00000536820186070091,2018-04-22,{12553},"{11778}"
405279621,00000404620176070013,2017-04-27,{12549},"{11778}"
405279658,00000037820196070003,2019-02-26,{12562},"{11778}"
405279736,00000135120176070017,2017-05-19,{279},"{11438}"
405279870,00001145720176070092,2017-12-15,{12559},"{11778}"
405279875,06000116620206070004,2020-02-17,{355},"{11778}"
405279878,06000046820206070006,2020-02-07,{355},"{11778}"
405279886,06000929020216070000,2021-07-20,{12377},"{11778}"
405279889,00000750620176070013,2017-07-06,{12549},"{11778}"
405279891,06001511220206070001,2020-12-13,{1727},"{11778}"
405279895,00000282820186070003,2018-06-25,{261},"{11778}"
405279905,00000051920176070003,2017-03-14,{12553},"{11778}"
405279910,00001584520186070091,2018-06-11,{12553},"{11778}"
405279918,00002100920176070016,2017-12-12,{261},"{11778}"
405279920,00001258120176070999,2017-05-24,{12559},"{11778}"
405279975,00000969420176070008,2017-11-23,{12549},"{11778}"
405279993,00000040620186070001,2018-02-06,{12549},"{11778}"
405280016,00000013020186070008,2018-01-22,{12549},"{11778}"
405280161,00000029320196070003,2019-02-08,{12549},"{11778}"
405280321,00000134420186070008,2018-03-05,{279},"{11778}"
405280335,00000106420196070005,2019-02-07,{12559},"{11778}"
405280340,00000016120176070009,2017-02-06,{261},"{11778}"
405280408,06000332220196070017,2019-11-07,{241},"{11778}"
405280475,00000277020196070015,2019-07-17,{12559},"{11778}"
405280488,06000358920196070017,2019-11-28,{241},"{11778}"
405280490,00000021520186070008,2018-01-23,{12549},"{11778}"
405280520,00001880920176070999,2017-06-14,{12559},"{11778}"
405280547,00000176320186070014,2018-03-27,{12549},"{11778}"
405280564,00000027320186070021,2018-01-17,{12549},"{11778}"
405280618,06000246320196070016,2019-10-22,{241},"{11778}"
405280732,00000045820186070016,2018-02-15,{12549},"{11778}"
405280739,00000094920196070015,2018-10-07,{279},"{11513}"
405280808,06000133120196070017,2019-09-30,{241},"{11778}"
405280809,00000209620196070009,2019-04-25,{12559},"{11778}"
405280825,00000017220196070015,2019-01-08,{1298},"{11778}"
405280881,00000524920196070091,2019-06-04,{12553},"{11778}"
405280885,00000121620196070011,2019-06-13,{12549},"{11778}"
405280900,00000021620176070019,2017-01-11,{12559},"{11778}"
405281009,06000063920196070017,2019-08-23,{241},"{11778}"
405281037,00000025420186070092,2018-01-05,{12549},"{11778}"
405281186,00000043920196070011,2019-02-21,{12549},"{11778}"
405281239,00000285520186070091,2018-04-16,{12553},"{11778}"
405281273,06000116120196070017,2019-09-12,{241},"{11778}"
405281374,00000054620186070015,2018-01-24,{279},"{11438}"
405281510,00000022320196070091,2019-01-09,{12553},"{11778}"
405281620,00000035720196070010,2019-02-05,{12549},"{11778}"
405281678,06000176820196070017,2019-10-04,{241},"{11778}"
405281827,00000079220176070001,2017-02-10,{12549},"{11778}"
405281854,00000227520196070006,2019-04-10,{279},"{11778}"
405282115,06000404220226070006,2022-09-28,{12553},"{11778}"
405282176,06001115120216070015,2021-09-30,{355},"{11778}"
405282211,06000264220196070013,2019-12-09,{11541},"{11778}"
405282309,06000176320226070017,2022-05-23,{261},"{11778}"
405282315,06000317420226070008,2022-05-31,{12560},"{11778}"
405282316,06001131320216070050,2021-06-14,{12553},"{11778}"
405282318,06000156220206070050,2020-02-12,{12553},"{11778}"
405282324,06000563920216070003,2021-10-05,{12560},"{11778}"
405282332,06001045120216070050,2021-06-14,{12553},"{11778}"
405282333,06000297120226070019,2022-06-07,{12553},"{11778}"
405282442,06000192420226070020,2022-06-07,{12553},"{11778}"
405282446,06000734120226070003,2022-12-01,{12552},"{11778}"
405282605,06000086420236070018,2023-02-08,{279},"{11778}"
405282693,00000293120196070018,2019-04-10,{12549},"{11778}"
405282762,06000309520226070006,2022-06-23,{12553},"{11778}"
405282809,06000682520226070001,2022-05-12,{1727},"{3555}"
405282830,06000791220226070015,2022-09-20,{12553},"{11778}"
405282836,06000579120216070013,2021-09-15,{12560},"{11778}"
405282867,06000681920226070003,2022-11-18,{12552},"{11778}"
405282940,06001721520226000000,2022-04-27,{12552},"{11778}"
405282997,00000151820176070018,2017-03-20,{12549},"{11778}"
405283089,06001356120206070000,2021-08-22,{1307},"{11778}"
405283109,06000715420216070020,2021-05-20,{12557},"{11778}"
405283124,06000038520226070015,2022-02-18,{12553},"{11778}"
405283273,00000110520176070010,2017-05-08,{279},"{11778}"
405283300,00000108520156070011,2015-05-12,{11541},"{}"
405283316,06001035120236070000,2023-03-09,{12553},"{11778}"
405283319,06000544120226070001,2022-05-12,{279},"{}"
405283386,06000411120236070000,2023-02-08,{12553},"{11778}"
405283460,06000360520226070006,2022-09-28,{12553},"{11778}"
405283536,00000027820196070008,2019-01-16,{11528},"{11778}"
405283687,06000106920206070008,2020-06-24,{12377},"{11778}"
405283829,06000185120226070016,2022-08-31,{12553},"{11778}"
405283835,06001736820236070000,2023-03-31,{261},"{11778}"
405283843,06000601720236070000,2023-02-06,{261},"{11778}"
405283844,06002013620236070000,2023-04-24,{261},"{11778}"
405283895,00000148820166070011,2016-06-28,{1116},"{11778}"
405283971,06001125720236070050,2023-03-15,{12553},"{11778}"
405283974,06000264920226070009,2022-06-10,{355},"{11778}"
405284125,06002622320226000000,2022-05-23,{12552},"{11778}"
405284261,06011405020226070000,2022-08-12,{11532},"{11778}"
405284406,06001903620226000000,2022-04-27,{12552},"{11778}"
405284474,06000857420236070050,2023-03-14,{12553},"{11778}"
405284552,06000307320196070015,2019-10-25,{11528},"{11778}"
405284656,06001156220236070001,2023-03-05,{1727},"{3628}"
405285395,06012548620226070000,2022-08-13,{11532},"{11778}"
405285510,06014895320226070000,2022-09-06,{11541},"{11778}"
405285524,06032502220226070000,2022-10-30,{12561},"{11778}"
405285740,06012972320226070000,2022-08-15,{11532},"{11778}"
405285744,06002630820226000000,2022-05-19,{12552},"{11778}"
405285766,06018689120226070000,2022-09-13,{12193},"{11778}"
405285970,06006372920226070000,2022-08-08,{11532},"{11778}"
405286044,06008711120226070000,2022-08-10,{11532},"{11778}"
405286187,06017866020226070000,2022-09-12,{11532},"{11778}"
405286296,06013994520226070000,2022-08-15,{11532},"{11778}"
405286372,06000040620226070004,2022-03-10,{12559},"{11778}"
405286408,06012781720226070000,2022-08-13,{11532},"{11778}"
405286786,06006364420226070000,2022-08-08,{11532},"{11778}"
405286798,06017926720226070000,2022-09-12,{12193},"{11778}"
405286851,06009707820226070000,2022-08-12,{11532},"{11778}"
405286852,06026430920226070000,2022-10-03,{12561},"{11778}"
405286853,06006615720226070000,2022-08-08,{11532},"{11778}"
405286865,06014124420226070000,2022-08-19,{11532},"{11778}"
405286893,06008036120226070000,2022-08-09,{11532},"{11778}"
405287084,06017883020226070000,2022-09-12,{12561},"{11778}"
405287294,06001064520196070000,2019-03-21,{11548},"{11778}"
405287474,06003731720196070000,2019-12-18,{1338},"{11778}"
405287548,06003498620196070000,2019-11-05,{1338},"{11778}"
405287566,06019324320186070000,2018-09-12,{11531},"{11778}"
405287598,06000232320196070002,2019-11-27,{12552},"{11778}"
405287640,06000585220206070000,2020-06-05,{12553},"{11778}"
405287657,06002095220196070000,2019-05-17,{1307},"{11778}"
405287692,06020675520186070000,2018-09-12,{11531},"{11778}"
405287742,06027880720186070000,2018-09-17,{11531},"{11778}"
405287760,06025334920186070000,2018-09-14,{11531},"{11778}"
405287767,06000168020196070018,2019-11-11,{12559},"{11778}"
405287768,06003082220196070000,2019-08-28,{1338},"{11778}"
405287775,06002086720196070000,2019-05-17,{1307},"{11778}"
405287792,06003429420196070000,2019-10-24,{279},"{11778}"
405287794,06026902220186070000,2018-09-14,{11531},"{11778}"
405287812,06000824620216070000,2021-07-01,{12377},"{11778}"
405287815,06002866120196070000,2019-07-30,{12559},"{11778}"
405287864,06031146420186070000,2018-11-21,{12193},"{11778}"
405287868,06001047520196070000,2019-03-21,{11548},"{11778}"
405287884,06019168920186070000,2018-09-12,{11531},"{}"
405287934,06002009020196070000,2019-05-17,{1307},"{11778}"
405287942,06028123520186070000,2018-09-17,{11531},"{}"
405287993,06021827620186070000,2018-09-13,{11531},"{11778}"
405288002,06000091120206070000,2020-01-31,{1338},"{11778}"
405288020,06003714720196070000,2019-12-17,{120},"{11778}"
405288030,06027222720186070000,2018-09-14,{11531},"{11778}"
405288033,06028617620186070000,2018-09-20,{11531},"{11778}"
405288035,06018691820186070000,2018-09-11,{11531},"{11778}"
405288066,06020943820186070000,2018-09-13,{11531},"{11778}"
405288074,06017453520186070000,2018-09-10,{11531},"{11778}"
405288075,06001942020186070000,2018-04-30,{11531},"{11778}"
405288082,06017176720186070000,2018-09-09,{11531},"{11778}"
405288090,00000571120196070014,2021-05-27,{1343},"{11778}"
405288093,06003117420196070000,2019-09-02,{12552},"{11778}"
405288094,06020294320186070000,2018-09-12,{11531},"{11778}"
405288105,06024859020186070000,2018-09-14,{11531},"{11778}"
405288106,06001483120186070000,2018-04-04,{11541},"{11778}"
405288123,06019229620186070000,2018-09-12,{11531},"{11778}"
405288125,06001587520186070000,2018-04-11,{1298},"{11778}"
405288139,06029717520186070000,2018-10-03,{11531},"{11778}"
405288147,06019584120186070000,2018-09-12,{11531},"{11778}"
405288154,06020631820186070000,2018-09-12,{11531},"{11778}"
405288156,06030912120186070000,2018-11-09,{11531},"{11778}"
405288162,06003576320196070000,2019-11-13,{279},"{11778}"
405288169,06002808820186070000,2018-07-10,{1338},"{11778}"
405288173,06002080420186070000,2018-04-30,{11531},"{11778}"
405288178,06000280820206070003,2020-11-25,{12552},"{11778}"
405288197,06019368020186070000,2018-09-12,{11531},"{11778}"
405288201,06026859720186070000,2018-09-14,{11531},"{}"
405288215,06001863820216070000,2021-11-04,{12553},"{11778}"
405288217,06018796220186070000,2018-09-11,{11531},"{11778}"
405288235,06026650920186070000,2018-09-14,{11531},"{}"
405288254,06021524120186070000,2018-09-13,{11531},"{11778}"
405288258,06027084320186070000,2018-09-14,{11531},"{11778}"
405288260,06019073020186070000,2018-09-11,{11531},"{11778}"
405288290,06023706920186070000,2018-09-13,{11531},"{11778}"
405288296,06022580320186070000,2018-09-13,{11531},"{}"
405288299,06020398720186070000,2018-09-12,{11531},"{11778}"
405288313,06024538520186070000,2018-09-14,{11531},"{11778}"
405288320,06030999520186070000,2018-11-12,{11531},"{11778}"
405288373,06032202620186070000,2018-12-17,{11531},"{11778}"
405288383,06032177120186070000,2018-12-13,{11531},"{11778}"
405288396,06019272120186070000,2018-09-12,{11531},"{11778}"
405288400,06020009020186070000,2018-09-12,{11531},"{11778}"
405288406,06019341320186070000,2018-09-12,{11531},"{11778}"
405288408,06017289620186070000,2018-09-10,{11531},"{11778}"
405288426,06026070620186070000,2018-09-14,{11531},"{11778}"
405288446,06026321920186070000,2018-09-14,{11531},"{11778}"
405288448,06019185920186070000,2018-09-12,{11531},"{11778}"
405288453,06024997420186070000,2018-09-14,{11531},"{11778}"
405288464,06002078220196070000,2019-05-17,{1307},"{11778}"
405288467,06025309420186070000,2018-09-14,{11531},"{11778}"
405288468,06022182120186070000,2018-09-13,{11531},"{11778}"
405288470,06020441220186070000,2018-09-12,{11531},"{11778}"
405288490,06019255120186070000,2018-09-12,{11531},"{11778}"
405288491,06018657820186070000,2018-09-11,{11531},"{11778}"
405288494,06031345520186070000,2018-11-23,{11531},"{11778}"
405288498,06026928920186070000,2018-09-14,{11531},"{11778}"
405288504,06002739620186070000,2018-07-05,{11531},"{11778}"
405288513,06027647620186070000,2018-09-17,{11531},"{11778}"
405288522,06025395620186070000,2018-09-14,{11531},"{11778}"
405288545,06017661120186070000,2018-09-11,{11531},"{11778}"
405288566,06017627120186070000,2018-09-11,{11531},"{11778}"
405288576,06025733120186070000,2018-09-14,{11531},"{11778}"
405288585,06020017520186070000,2018-09-12,{11531},"{11778}"
405288589,06020199620186070000,2018-09-12,{11531},"{11778}"
405288595,06019506420186070000,2018-09-12,{11531},"{11778}"
405288606,06028192720186070000,2018-09-18,{11531},"{11778}"
405288615,06022286520186070000,2018-09-13,{11531},"{11778}"
405288641,06020935320186070000,2018-09-13,{11531},"{11778}"
405288652,06018882420186070000,2018-09-11,{11531},"{11778}"
405288677,06000854020176070000,2017-07-27,{11531},"{11778}"
405288686,00001370220156070018,2015-06-12,{11548},"{11701}"
405288710,06031431720186070000,2018-11-26,{11531},"{11778}"
405288715,06026686120186070000,2018-09-14,{11531},"{11778}"
405288719,06014271320226070000,2022-08-23,{11551},"{11778}"
405288727,06024044420186070000,2018-09-13,{11531},"{}"
405288728,00000364820176070000,2017-10-05,{1727},"{11778}"
405288737,06017488720186070000,2018-09-10,{11531},"{11778}"
405288739,00000800420166070000,2016-05-13,{12377},"{}"
405288749,06000187520176070000,2017-04-20,{11531},"{11778}"
405288764,06000611220176070000,2017-05-16,{11536},"{11778}"
405288767,06018069020186070000,2018-09-11,{11531},"{11778}"
405288791,00000238420156070011,2015-05-18,{11548},"{11701}"
405288801,06018008320186070000,2018-09-11,{11531},"{11778}"
405288815,06019177420186070000,2018-09-12,{11531},"{11778}"
405288818,06025022920186070000,2018-09-14,{11531},"{11778}"
405288827,06020545620186070000,2018-09-12,{11531},"{11778}"
405288830,06021783920186070000,2018-09-13,{11531},"{11778}"
405288834,06002306220186070000,2018-05-23,{11531},"{11778}"
405288839,06018553420186070000,2018-09-11,{11531},"{11778}"
405288840,06018224420186070000,2018-09-11,{11531},"{11778}"
405288851,06021247320186070000,2018-09-13,{11531},"{11778}"
405288854,06022225820186070000,2018-09-13,{11531},"{11778}"
405288857,06026669120186070000,2018-09-14,{11531},"{11778}"
405288860,00001632020166070000,2016-11-21,{11531},"{11778}"
405288861,06021004520186070000,2018-09-13,{11531},"{11778}"
405288864,00000515120166070000,2016-05-02,{11531},"{11778}"
405288865,06018779220186070000,2018-09-11,{11531},"{11778}"
405288866,06032280320186070000,2018-12-21,{241},"{}"
405288875,06017392820186070000,2018-09-10,{11531},"{11778}"
405288876,06023082920186070000,2018-09-13,{11531},"{11778}"
405288885,06018519420186070000,2018-09-11,{11531},"{11778}"
405288892,06022502620186070000,2018-09-13,{11531},"{11778}"
405288912,06030679020186070000,2018-11-06,{11531},"{11778}"
405288916,06021394220186070000,2018-09-13,{11531},"{11778}"
405288922,00017686920146070000,2014-09-19,{11544},"{11778}"
405288925,06000179020176070000,2017-04-18,{11531},"{11778}"
405288948,06021800920186070000,2018-09-13,{11531},"{11778}"
405288951,06021819120186070000,2018-09-13,{11531},"{11778}"
405288956,06017618620186070000,2018-09-11,{11531},"{11778}"
405288957,00000247220156070010,2015-06-09,{11548},"{11701}"
405288961,06031873620186070000,2018-12-05,{11531},"{11778}"
405288962,06000066120176070000,2017-03-22,{11536},"{11778}"
405288963,06025741620186070000,2018-09-14,{11531},"{11778}"
405288966,06022823120186070000,2018-09-13,{11531},"{11778}"
405288970,06026954420186070000,2018-09-14,{11531},"{11778}"
405288974,06030643820186070000,2018-11-06,{11531},"{11778}"
405288986,06020606320186070000,2018-09-12,{11531},"{11778}"
405288993,06024867520186070000,2018-09-14,{11531},"{11778}"
405288994,06000732620176070000,2017-06-13,{11531},"{11778}"
405288998,06019540420186070000,2018-09-12,{11531},"{11778}"
405288999,06030895120186070000,2018-11-09,{11531},"{11778}"
405289004,06023897520186070000,2018-09-13,{11531},"{11778}"
405289008,06022251320186070000,2018-09-13,{11531},"{11778}"
405289020,00001432920166070000,2016-11-07,{12193},"{11778}"
405289022,06018527920186070000,2018-09-11,{11531},"{11778}"
405289034,06019142220186070000,2018-09-11,{11531},"{11778}"
405289039,06021134420186070000,2018-09-13,{11531},"{11778}"
405289047,00000793820156070005,2015-06-02,{11548},"{11700}"
405289048,06029933620186070000,2018-10-09,{11531},"{11778}"
405289050,00028296220146070000,2014-10-23,{11531},"{}"
405289055,06022554820186070000,2018-09-13,{11531},"{11778}"
405289057,06026122820186070000,2018-09-14,{11531},"{11778}"
405289063,00001407420166070000,2016-11-03,{11531},"{11778}"
405289064,00000361620156070001,2015-05-26,{11548},"{11701}"
405289065,00000204420156070007,2015-05-21,{11548},"{11701}"
405289067,06028167220186070000,2018-09-18,{11531},"{11778}"
405289069,06014627020226070000,2022-09-01,{11551},"{11778}"
405289070,00000255420156070011,2015-05-18,{11548},"{11701}"
405289071,06018172220186070000,2018-09-11,{11531},"{11778}"
405289073,06020562620186070000,2018-09-12,{11531},"{11778}"
405289080,00000090320156070011,2015-05-12,{11548},"{11700}"
405289087,06024000720186070000,2018-09-13,{11531},"{11778}"
405289090,06020250620186070000,2018-09-12,{11531},"{11778}"
405289098,06025205020186070000,2018-09-14,{11531},"{11778}"
405289100,06019133720186070000,2018-09-11,{11531},"{11778}"
405289106,06016596420186070000,2018-08-31,{11541},"{11778}"
405289115,06000160820176070000,2017-04-11,{1298},"{11778}"
405289122,06017210720186070000,2018-09-10,{11531},"{11778}"
405289126,06023411920186070000,2018-09-13,{11531},"{11778}"
405289129,06020268820186070000,2018-09-12,{11531},"{11778}"
405289130,06023853820186070000,2018-09-13,{11531},"{11778}"
405289134,06030696020186070000,2018-11-06,{11531},"{11778}"
405289141,06018752520186070000,2018-09-11,{11531},"{11778}"
405289144,00000454420166070000,2016-04-25,{11531},"{11778}"
405289152,00001427820156070000,2015-10-20,{1298},"{11778}"
405289154,06022468620186070000,2018-09-13,{11531},"{11778}"
405289161,00001522520156070000,2015-11-06,{1298},"{11778}"
405289163,06017744620226070000,2022-09-12,{12193},"{11778}"
405289164,06021559320186070000,2018-09-13,{11531},"{11778}"
405289168,06022854420226070000,2022-09-13,{12193},"{11778}"
405289173,00000600220156070015,2016-05-12,{11548},"{11778}"
405289175,06000248220176070000,2017-04-27,{11531},"{11778}"
405289184,06022762420186070000,2018-09-13,{11531},"{11778}"
405289186,00000244820156070018,2015-04-10,{11548},"{10745}"
405289192,06017679320186070000,2018-09-11,{11531},"{11778}"
405289193,06026244220186070000,2018-09-14,{11531},"{11778}"
405289197,06017981620186070000,2018-09-11,{11531},"{11778}"
405289204,06019722520186070000,2018-09-12,{11531},"{11778}"
405289209,06023187320186070000,2018-09-13,{11531},"{11778}"
405289213,06019099720186070000,2018-09-11,{11531},"{11778}"
405289218,06021238820186070000,2018-09-13,{11531},"{11778}"
405289220,00000982520166070000,2016-06-08,{11531},"{11778}"
405289223,00000186520156070010,2016-07-04,{11548},"{11778}"
405289228,06026097320186070000,2018-09-14,{11531},"{11778}"
405289233,06020658520186070000,2018-09-12,{11531},"{11778}"
405289323,06019896120186070000,2018-09-12,{11531},"{11778}"
405289328,06020510420186070000,2018-09-12,{11531},"{11778}"
405289342,06021601820186070000,2018-09-13,{11531},"{11778}"
405289348,06031362520186070000,2018-11-23,{11531},"{11778}"
405289351,06022988220186070000,2018-09-13,{11531},"{11778}"
405289366,00016396420146070000,2014-09-03,{11544},"{11778}"
405289367,06019294920226070000,2022-09-13,{12193},"{11778}"
405289368,00000139120166070015,2016-03-15,{11548},"{11731}"
405289379,06031085720186070000,2018-11-21,{11527},"{11778}"
405289400,06029665320186070000,2018-10-03,{1298},"{11778}"
405289406,06001254620226070000,2022-03-25,{11551},"{11778}"
405289432,06018440520186070000,2018-09-11,{11531},"{11778}"
405289438,00000518220156070001,2015-05-26,{11548},"{11778}"
405289467,06000342920176070000,2017-05-02,{11531},"{11778}"
405289494,06000602720176070000,2017-05-15,{11531},"{11778}"
405289590,06000680420176070000,2017-06-01,{1298},"{11778}"
405289595,06000412120176070000,2017-05-02,{11531},"{11778}"
405289628,06000724120176070000,2017-06-06,{11531},"{11778}"
405289725,06000715620176070000,2017-06-06,{11531},"{11778}"
405289767,06021905320186070000,2018-09-13,{11531},"{11778}"
405289814,00001189320156070018,2015-06-12,{11548},"{11701}"
405289830,06018819020226070000,2022-09-13,{12193},"{11778}"
405289880,06020051520186070000,2018-09-12,{11531},"{11778}"
405289883,00001303720156070009,2015-06-11,{11548},"{11701}"
405289887,06018856920186070000,2018-09-11,{11531},"{11778}"
405289892,06000871020176070000,2017-08-18,{11531},"{11778}"
405289895,06016982220226070000,2022-09-12,{12193},"{11778}"
405289897,06000204520176070000,2017-04-25,{11531},"{11778}"
405289926,00001115820156070000,2015-06-26,{1298},"{11778}"
405289959,00000950720156070000,2015-05-15,{11531},"{11778}"
405289966,00000443020146070000,2014-03-26,{1298},"{11778}"
405290036,06020801520226070000,2022-09-13,{12193},"{11778}"
405290093,06000833120216070000,2021-07-20,{12377},"{11778}"
405290185,06015094420226070000,2022-09-09,{12193},"{11778}"
405290251,06001606920236070000,2023-03-23,{12553},"{11778}"
405290300,00000473320156070005,2015-05-27,{11548},"{11700}"
405290314,06005372120226070050,2023-03-30,{12552},"{11778}"
405290596,06000108220236070002,2023-08-01,{12553},"{11778}"
405290954,06005196320236070050,2023-09-18,{12552},"{11778}"
405291020,06017675420226070000,2022-09-12,{12193},"{}"
405291146,06004737420236070050,2023-08-16,{12553},"{11778}"
405291494,06019087320226070000,2022-09-13,{12193},"{11778}"
405291515,06000070620236070010,2023-04-17,{12559},"{11778}"
405291786,06002347020236070050,2023-03-28,{12553},"{11778}"
405291990,06000884120216070004,2021-09-14,{12560},"{11778}"
405292155,06005001320236070000,2023-10-30,{12553},"{11778}"
405292265,06023832920226070000,2022-09-16,{12193},"{}"
405292773,06000192320236070009,2023-11-23,{355},"{11778}"
405293047,06000215720236070020,2023-11-17,{11541},"{11778}"
405293061,06000374720236070008,2023-12-12,{12552},"{11778}"
557135412,06001777320216070001,2021-08-24,{261},"{11778}"
557135414,06004164620226070000,2022-07-26,{241},"{11778}"
557135417,06032996320226070000,2022-11-04,{12193},"{}"
557135419,06000536420196070000,2019-02-12,{1298},"{11778}"
557135420,06000949120206070001,2021-12-12,{1727},"{3628}"
557135421,06001647720216070000,2021-09-21,{1727},"{3555}"
557135422,06001895620226070000,2022-04-29,{1727},"{11778}"
557135423,06031515220226070000,2022-10-25,{12561},"{11778}"
557135424,06031965620226070000,2022-10-29,{12561},"{11778}"
557135425,06032277620226070000,2022-10-30,{12561},"{11778}"
557135426,06032701320226070000,2022-10-31,{12561},"{11778}"
557189076,06000351420246070050,2024-01-12,{12552},"{11778}"
579799855,06000170520226070004,2022-05-17,{1727},"{3555}"
579799858,06000215520216070011,2021-04-12,{279},"{11778}"
579799862,06000936920216070002,2021-10-05,{12560},"{11778}"
579799871,06001733620216070001,2021-08-19,{11528},"{11778}"
580904578,06000049020246070018,2024-02-09,{355},"{11778}"
580904581,06000074520246070018,2024-02-21,{355},"{11778}"
580904583,06000594220246070050,2024-02-08,{12553},"{11778}"
580904588,06000057520246070018,2024-02-09,{355},"{11778}"
580904595,06000067520246070013,2024-02-20,{12552},"{11778}"
587023880,06000793320246070050,2024-03-01,{12552},"{11778}"
587023893,06000042320246070008,2024-03-21,{355},"{11778}"
587024039,06000729420246070000,2024-03-25,{12553},"{11778}"
616107619,06000807120246070000,2024-04-03,{261},"{11778}"
616107789,06001729320246070050,2024-04-23,{1304},"{11778}"
631504343,06020732320226070000,2022-09-13,{12193},"{}"
634916725,06001555720246070050,2024-03-21,{12559},"{11778}"
635742376,06000050220246070010,2024-05-14,{12553},"{11778}"
635742377,06000057820246070017,2024-05-13,{12552},"{11778}"
635742378,06000082720246070019,2024-05-10,{12553},"{11778}"
635742380,06000111520246070008,2024-05-03,{12559},"{11778}"
635742381,06000136120246070015,2024-05-15,{12553},"{11778}"
635742383,06000096320246070002,2024-05-06,{355},"{11778}"
635742384,06000127620246070015,2024-05-10,{12553},"{11778}"
635742385,06000082120246070021,2024-05-03,{11528},"{11778}"
635742386,06000139420246070004,2024-05-09,{12552},"{11778}"
635742387,06000129720246070008,2024-05-05,{355},"{11778}"
635742388,06000100320246070017,2024-05-08,{12552},"{11778}"
635742389,06000086620246070006,2024-05-15,{12560},"{11778}"
635742390,06000109420246070019,2024-05-13,{12553},"{11778}"
635742391,06000127020246070017,2024-05-15,{12552},"{11778}"
635742392,06000121820246070002,2024-05-15,{12559},"{11778}"
635742393,06000187720246070017,2024-05-15,{12552},"{11778}"
635742394,06000130320246070002,2024-05-16,{12559},"{11778}"
635742395,06000118520246070017,2024-05-15,{12552},"{11778}"
635742397,06000091820246070017,2024-05-06,{12552},"{11778}"
635742398,06000214420246070013,2024-05-15,{12559},"{11778}"
635742400,06000230220246070017,2024-05-20,{12552},"{11778}"
635742402,06000090620246070021,2024-05-29,{261},"{11778}"
635742403,06000228420236070006,2024-05-21,{12552},"{11778}"
635742404,06000077220246070009,2024-05-20,{12553},"{11778}"
635742405,06000214420246070013,2024-05-10,{12559},"{11778}"
635742407,06000196220246070017,2024-05-15,{12552},"{11778}"
635742408,06000161020246070017,2024-05-15,{12552},"{11778}"
635742409,06000231420246070013,2024-05-21,{355},"{11778}"
635742410,06000152520246070017,2024-05-15,{12552},"{11778}"
635742411,06000068420246070010,2024-05-17,{355},"{11778}"
635742412,06000232020246070011,2024-05-09,{12552},"{11778}"
635742413,06000204720246070017,2024-05-15,{12552},"{11778}"
635742414,06000240520246070011,2024-05-07,{12553},"{11778}"
635742415,06000222920246070013,2024-05-16,{12553},"{11778}"
635742416,06000146720246070008,2024-05-14,{12553},"{11778}"
635742417,06000104820246070002,2024-05-10,{12559},"{11778}"
635742418,06000156120246070005,2024-05-22,{12559},"{11778}"
635742419,06000213220246070017,2024-05-15,{12552},"{11778}"
635742421,06000147620246070005,2024-05-09,{12559},"{11778}"
635742423,06000179220246070017,2024-05-15,{12552},"{11778}"
635742424,06000221420246070018,2024-05-09,{355},"{11778}"
635742425,06000221720246070017,2024-05-15,{12552},"{11778}"
635742426,06000258720246070011,2024-05-10,{355},"{11778}"
635742427,06000275720246070011,2024-05-22,{355},"{11778}"
635742428,06000267220246070011,2024-05-16,{279},"{11778}"
635742429,06000425620246070001,2024-05-15,{319},"{11778}"
635742430,06000442620246070001,2024-05-16,{279},"{3628}"
635742431,06000284220246070011,2024-05-22,{355},"{11778}"
635742434,06000434120246070001,2024-05-15,{310},"{3628}"
635742442,06001945420246070050,2024-05-02,{12553},"{11778}"
635742446,06001040220246070000,2024-05-02,{261},"{11778}"
635742449,06003595220246000000,2024-05-20,{12552},"{11778}"
635742463,06002092320246070050,2024-05-15,{12549},"{11778}"
635742471,06001230820246070000,2024-05-17,{12553},"{11778}"
635742475,06003214020246000000,2024-05-15,{12552},"{11778}"
635742500,06003249220246000000,2024-05-15,{12552},"{11778}"
635742513,06002075320246070050,2024-05-14,{12549},"{11778}"
635742522,06000155220246070008,2024-05-15,{12553},"{11778}"
638632711,00000016520166070019,2016-03-09,{279},"{11778}"
638632712,00000029620156070015,2015-01-08,{11528},"{11778}"
638632713,00000017320176070005,2016-12-01,{11531},"{11778}"
638632714,00000020620186070011,2018-01-16,{241},"{11778}"
638632716,00000023220156070004,2015-02-12,{12549},"{11778}"
638632717,00000010820196070004,2019-01-14,{12549},"{11778}"
638632718,00000021720156070009,2015-01-28,{12554},"{11778}"
638632719,00000020520156070013,2015-01-22,{12550},"{11778}"
638632721,00000023520156070003,2014-12-23,{272},"{11778}"
638632726,00000014120156070006,2015-01-19,{241},"{11778}"
638632727,00000022620156070006,2015-01-19,{12550},"{11778}"
638632731,00000010220156070019,2015-01-16,{12553},"{11778}"
638632732,00000019720186070018,2018-01-17,{12549},"{11778}"
638632733,00000023820156070002,2015-03-19,{12549},"{11778}"
638632734,00000024520196070019,2018-10-24,{272},"{11472}"
638632736,00000038720156070013,2015-01-22,{12550},"{11778}"
638632743,00000044220196070010,2019-02-01,{272},"{11432}"
638632744,00000036320156070021,2015-02-06,{278},"{11778}"
638632745,00000039820176070019,2017-02-07,{12549},"{11778}"
638632746,00000036320196070008,2019-01-22,{12550},"{11778}"
638632748,00000048720156070008,2015-01-16,{272},"{11778}"
638632762,00000041120156070001,2015-01-30,{12551},"{11778}"
638632766,00000038120156070015,2014-12-02,{1116},"{11778}"
638632777,00000070420186070019,2018-02-02,{12562},"{11778}"
638632787,00000077220166070019,2015-12-09,{11541},"{11778}"
638632790,00000063520166070004,2016-02-05,{12549},"{11778}"
638632793,00000092720156070003,2015-05-04,{11531},"{11778}"
638632802,00000086320166070017,2016-06-16,{272},"{11778}"
638632825,00000128720176070010,2015-07-08,{279},"{11438}"
638632852,00000052220176070002,2017-02-13,{11531},"{11778}"
638632855,00000168520166070002,2016-06-23,{11531},"{11778}"
638632865,00000126620176070017,2016-05-31,{279},"{11778}"
638632868,00000115320186070015,2018-03-05,{279},"{11438}"
638633040,00000207620136070019,2013-06-13,{11541},"{11778}"
638633058,00000103020166070018,2016-04-20,{12554},"{11778}"
638633082,00000161220176070015,2014-01-31,{279},"{11778}"
638633149,00000232720146070009,2014-06-13,{11528},"{11778}"
638633370,00000438320176070018,2017-05-29,{12549},"{11778}"
638633528,00000541520176070018,2017-09-13,{12549},"{11778}"
638633639,00000334020156070008,2015-06-08,{11541},"{11778}"
638633692,00000556520156070019,2015-06-03,{11541},"{11778}"
638633693,00000521620156070018,2015-06-11,{11541},"{11778}"
638634343,00001128620156070018,2015-06-12,{11541},"{11778}"
638634417,06000138220196070000,2019-01-16,{241},"{}"
638634419,00021064320146070000,2014-10-15,{11531},"{11778}"
638634430,06000475720196070000,2019-02-08,{12553},"{11778}"
638634431,06001319220186070000,2018-03-16,{12553},"{11778}"
638634432,06002124120186070000,2018-05-04,{11548},"{11778}"
638634433,06001197820186070000,2018-02-27,{221},"{11778}"
638634443,06003308020196070000,2019-10-04,{12553},"{11778}"
638634447,06001368020196070000,2019-04-16,{12553},"{11778}"
638634448,06002453120186070000,2018-06-05,{12553},"{11778}"
638634450,06002488320186070000,2018-06-05,{12559},"{11778}"
638634471,06020103720186070000,2018-09-12,{11531},"{11778}"
638634502,06002248920176070000,2017-11-23,{12553},"{11778}"
638634518,06022148120186070000,2018-09-13,{11531},"{11778}"
638634546,06022477120186070000,2018-09-13,{11531},"{11778}"
680402052,00000112320176070004,2017-03-29,{12549},"{11778}"
680402053,00000242220176070004,2017-05-23,{12549},"{11778}"
680402054,00000196320186070004,2018-05-16,{12549},"{11778}"
680402055,00000057920186070004,2018-02-20,{12549},"{11778}"
680402056,00000187820186070004,2018-05-14,{12549},"{11778}"
680402057,00000233720176070004,2017-05-22,{12549},"{11778}"
680402058,00000091920186070004,2018-04-16,{12549},"{11778}"
680402059,00000120820176070004,2017-03-29,{12549},"{11778}"
680402060,00000103820176070004,2017-03-29,{12549},"{11778}"
680402061,00000049420186070004,2018-02-20,{12549},"{11778}"
680402062,00000285920176070004,2017-06-05,{12549},"{11778}"
680402063,00000086820176070004,2017-03-21,{12549},"{11778}"
680402064,00000296120196070008,2019-05-10,{12549},"{11778}"
680402065,00000294420176070004,2017-06-05,{12549},"{11778}"
680402066,00000225220176070004,2017-05-22,{12549},"{11778}"
680402070,00000346620176070004,2017-08-09,{12549},"{11778}"
680402071,00000424320176070004,2017-12-05,{12549},"{11778}"
680402072,06000161620246070015,2024-07-11,{12377},"{11778}"
680402073,00000415820176070004,2017-10-25,{12549},"{11778}"
680402074,06000102720246070009,2024-07-11,{12377},"{11778}"
680402075,00000380620176070004,2017-08-30,{12549},"{11778}"
680402076,06000265420246070017,2024-07-11,{12377},"{11778}"
680402077,00000311420176070004,2017-06-12,{12549},"{11778}"
680402078,06000126120246070020,2024-07-11,{12377},"{11778}"
680402079,06000414120246070011,2024-07-30,{355},"{11778}"
680402080,06000110920246070010,2024-07-11,{12377},"{11778}"
680402081,06000282120246070018,2024-07-11,{12377},"{11778}"
680402082,06000164320246070006,2024-07-11,{12377},"{11778}"
680402083,06000710920246070001,2024-07-09,{12560},"{11778}"
680402084,06000232920246070008,2024-07-11,{12377},"{11778}"
680402085,06000102420246070010,2024-07-08,{12560},"{11778}"
680402086,06000113020246070003,2024-07-04,{332},"{3533}"
680402087,06000806820246070001,2024-07-17,{1727},"{11778}"
680402088,06000199820246070005,2024-07-11,{12377},"{11778}"
680402089,06000182520246070002,2024-07-11,{12560},"{11778}"
680402090,06000147920246070004,2024-07-05,{12560},"{11778}"
680402091,06000093920246070010,2024-07-25,{1304},"{11778}"
680402092,06000111220246070009,2024-07-25,{355},"{11778}"
680402093,06000125820246070021,2024-07-11,{12377},"{11778}"
680402094,06000224420246070008,2024-07-08,{12560},"{11778}"
680402095,06000178620246070019,2024-07-17,{1304},"{11778}"
680402096,06000108820246070021,2024-07-19,{11542},"{11778}"
680402097,06000327320246070013,2024-07-11,{279},"{11778}"
680402098,06000197120246070014,2024-07-23,{1304},"{11778}"
680402099,06000366620226070018,2024-07-01,{14209},"{11778}"
680402100,06000139720246070003,2024-07-11,{12377},"{11778}"
680402101,06000156420246070004,2024-07-11,{12377},"{11778}"
680402102,06000121520246070003,2024-07-08,{12560},"{11778}"
680402103,06000151920246070019,2024-07-09,{12560},"{11778}"
680402104,06000117320246070021,2024-07-09,{12560},"{11778}"
680402105,06000351620246070017,2024-07-22,{12552},"{11778}"
680402106,06000248120246070018,2024-07-10,{1304},"{11778}"
680402107,06000129420246070009,2024-07-27,{12554},"{11778}"
680402108,06000353420246070011,2024-07-05,{12560},"{11778}"
680402109,06000370420246070011,2024-07-11,{12377},"{11778}"
680402110,06000405620246070011,2024-07-29,{11528},"{3628}"
680402111,06000208320246070005,2024-07-11,{12560},"{11778}"
680402112,06000117620246070020,2024-07-05,{12560},"{11778}"
680402113,06000369820246070017,2024-07-22,{12552},"{11778}"
680402114,06000282420246070017,2024-07-18,{12552},"{11778}"
680402115,06000165520246070002,2024-07-11,{12377},"{11778}"
680402116,06000147320246070006,2024-07-01,{355},"{11778}"
680402117,06000300620246070013,2024-07-05,{12560},"{11778}"
680402118,06000361920246070011,2024-07-11,{12377},"{11778}"
680402119,06000164920246070004,2024-07-15,{279},"{11778}"
680402120,06000160420246070019,2024-07-11,{12377},"{11778}"
680402121,06000290920246070017,2024-07-18,{12552},"{11778}"
680402122,06000138820246070006,2024-07-19,{1304},"{11778}"
680402123,06000174020246070002,2024-07-11,{12377},"{11778}"
680402124,06000273620246070018,2024-07-11,{12377},"{11778}"
680402125,06000273920246070017,2024-07-18,{12552},"{11778}"
680402126,06000155820246070006,2024-07-08,{12560},"{11778}"
680402127,06000309120246070017,2024-07-18,{12552},"{11778}"
680402128,06000266620246070013,2024-07-15,{1304},"{11778}"
680402129,06000265120246070018,2024-07-05,{12560},"{11778}"
680402131,06000290620246070018,2024-07-19,{355},"{11778}"
680402132,06000388620246070011,2024-07-11,{11528},"{3628}"
680402137,06000318820246070013,2024-07-11,{12377},"{11778}"
680402140,06000256620246070018,2024-07-04,{12248},"{11778}"
680402151,06000737620246070001,2024-07-11,{12377},"{11778}"
680402152,06000859020246070001,2024-07-23,{329},"{3568}"
680402154,06000867520246070001,2024-07-23,{261},"{11778}"
680402155,06000685420246070001,2024-07-01,{335},"{11778}"
680402159,06000798320246070001,2024-07-17,{1727},"{11778}"
680402161,06001716420246070000,2024-07-03,{14208},"{11778}"
680402167,06001829320246070000,2024-07-31,{261},"{11778}"
680402168,06002723520236070001,2024-07-08,{14209},"{11778}"
680402172,06000840820246070001,2024-07-22,{307},"{11778}"
680402173,06130223320246000000,2024-07-19,{12552},"{11778}"
680402174,06001777120246070000,2024-07-23,{14208},"{11778}"
680402183,06001707920246070000,2024-07-03,{261},"{11778}"
680402192,06128880620246000000,2024-07-19,{12552},"{11778}"
680402202,06000378320246070017,2024-07-22,{12552},"{11778}"
680402203,06001811120246070000,2024-07-24,{11539},"{11778}"
680402205,06001837820246070000,2024-07-31,{261},"{11778}"
680402209,06001672720246070000,2024-07-02,{12377},"{11778}"
680402211,06128932820246000000,2024-07-19,{12552},"{11778}"
680402217,06129002020246000000,2024-07-19,{12552},"{11778}"
680402220,06129496120246000000,2024-07-19,{12552},"{11778}"
681623393,06000484220196070000,2019-02-11,{12552},"{11778}"
681623395,06000423520196070000,2019-02-07,{12552},"{11778}"
681623396,06000215920196070000,2019-01-25,{12552},"{11778}"
681623397,06000103020196070000,2019-01-11,{12559},"{11778}"
681623398,06000357720186070000,2018-01-11,{12559},"{11778}"
681623399,06000123420186070000,2018-01-09,{12559},"{11778}"
681623401,00000682120156070001,2015-06-05,{11541},"{11428}"
681623402,06000544920196070000,2019-02-13,{12559},"{11778}"
681623403,06000010520186070000,2018-01-08,{12559},"{11778}"
681623406,06000224420196070000,2019-01-25,{12552},"{11778}"
681623408,06000129720196070000,2019-01-15,{12559},"{11778}"
681623409,06000302120196070000,2019-01-31,{12559},"{11778}"
681623411,06000519420196070000,2019-02-11,{12552},"{11778}"
681623412,06000163720196070000,2019-01-18,{12552},"{11778}"
681623416,06000902820186070000,2018-01-25,{12559},"{11778}"
681623418,06000972020186070000,2018-01-25,{12559},"{11778}"
681623419,06000885820186070000,2018-01-24,{12559},"{11778}"
681623420,06000980520186070000,2018-01-25,{12559},"{11778}"
681623421,06000998720186070000,2018-01-25,{12559},"{11778}"
681623422,06000850620186070000,2018-01-24,{12559},"{11778}"
681623424,06000938020186070000,2018-01-25,{12559},"{11778}"
681623425,06001007220186070000,2018-01-25,{12559},"{11778}"
681623426,06001015720186070000,2018-01-25,{12559},"{11778}"
681623427,06000911320186070000,2018-01-25,{12559},"{11778}"
681623428,06000825120186070000,2018-01-23,{12552},"{11778}"
681623430,06001024220186070000,2018-01-25,{12559},"{11778}"
681623431,06000877320186070000,2018-01-24,{12559},"{11778}"
681623432,06000963520186070000,2018-01-25,{12559},"{11778}"
681623433,06000842120186070000,2018-01-24,{12559},"{11778}"
681623437,06001032720186070000,2018-01-25,{12559},"{11778}"
681623439,06001041220186070000,2018-01-25,{12559},"{11778}"
681623442,06001093420186070000,2018-01-26,{12552},"{11778}"
681623451,06001059420186070000,2018-01-25,{12559},"{11778}"
681623453,06001344720186070000,2018-03-16,{12552},"{11778}"
681623455,06001137120186070000,2018-02-14,{12552},"{11778}"
681623464,06001405420186070000,2018-03-26,{12559},"{11778}"
681623471,06001838820186070000,2018-04-27,{12552},"{11778}"
684079546,00000239820136070999,2013-04-24,{12549},"{11778}"
